<?xml version="1.0"?>
<doc>
    <assembly>
        <name>ZenCNC.STEAM</name>
    </assembly>
    <members>
        <member name="M:ZenCNC.STEAM.grbl.GCodeFile.Clear">
            <summary>
            Reset GCodeFile status, and clear all lines in memory
            </summary>
        </member>
        <member name="P:ZenCNC.STEAM.grbl.GCodeFile.FileName">
            <summary>
            GCode File Name
            </summary>
        </member>
        <member name="P:ZenCNC.STEAM.grbl.GCodeFile.TotalLines">
            <summary>
            Total lines of the GCode File
            </summary>
        </member>
        <member name="P:ZenCNC.STEAM.grbl.GCodeFile.CurrentLine">
            <summary>
            Current executing line
            </summary>
        </member>
        <member name="M:ZenCNC.STEAM.grbl.GCodeFile.#ctor">
            <summary>
            Constructor
            </summary>
        </member>
        <member name="M:ZenCNC.STEAM.grbl.GCodeFile.OpenFile(System.String)">
            <summary>
            Open the gcode file
            </summary>
            <param name="filename"></param>
        </member>
        <member name="M:ZenCNC.STEAM.grbl.GCodeFile.ResetSeek">
            <summary>
            For continious reading, set the seek position to begining
            </summary>
        </member>
        <member name="M:ZenCNC.STEAM.grbl.GCodeFile.Close">
            <summary>
            Close the file stream
            </summary>
        </member>
        <member name="F:ZenCNC.STEAM.grbl.GCodeLine.x">
            <summary>
            GCode Line x, y, z, i, j, f values
            </summary>
        </member>
        <member name="P:ZenCNC.STEAM.grbl.GCodeLine.X">
            <summary>
            X Value formatter
            </summary>
        </member>
        <member name="M:ZenCNC.STEAM.grbl.GCodeLine.ProcessCommand">
            <summary>
            Process command
            </summary>
        </member>
        <member name="F:ZenCNC.STEAM.grbl.GCodeLine.commentSignbols">
            <summary>
            regular expression for finding g code patterns
            </summary>
        </member>
        <member name="M:ZenCNC.STEAM.grbl.GCodeLine.ToString">
            <summary>
            String representation of gcode line
            </summary>
            <returns></returns>
        </member>
        <member name="F:ZenCNC.STEAM.grbl.GCodeLine.isBreakPoint">
            <summary>
            Is there a breakpoint set for current line
            </summary>
        </member>
        <member name="M:ZenCNC.STEAM.grbl.GCodeLine.LoadFromFile(System.String)">
            <summary>
            Load GCode from a file
            </summary>
            <param name="fileName"></param>
            <returns></returns>
        </member>
        <member name="M:ZenCNC.STEAM.grbl.GCodeLine.#ctor(System.String)">
            <summary>
            Main function to parse a gcode
            </summary>
            <param name="l"></param>
        </member>
        <member name="M:ZenCNC.STEAM.grbl.GCodeLine.IsG">
            <summary>
            Is the line G Command
            </summary>
            <returns></returns>
        </member>
        <member name="M:ZenCNC.STEAM.grbl.GCodeLine.IsM">
            <summary>
            If the line M Command
            </summary>
            <returns></returns>
        </member>
        <member name="M:ZenCNC.STEAM.grbl.GCodeLine.RemoveLineNumber">
            <summary>
            Remove the line number if presents
            </summary>
        </member>
        <member name="M:ZenCNC.STEAM.grbl.GCodeLine.RemoveComments">
            <summary>
            Remove comment if presents
            </summary>
        </member>
        <member name="M:ZenCNC.STEAM.grbl.GCodeLine.ParseCoord">
            <summary>
            Parse X, Y, Z, F, I and J
            </summary>
        </member>
        <member name="F:ZenCNC.STEAM.grbl.GCodeLine.xLash">
            <summary>
            X Direction backlash (mm)
            </summary>
        </member>
        <member name="F:ZenCNC.STEAM.grbl.GCodeLine.yLash">
            <summary>
            Y Direction backlash (mm)
            </summary>
        </member>
        <member name="F:ZenCNC.STEAM.grbl.GCodeLine.zLash">
            <summary>
            Z Direction backlash (mm) 
            </summary>
        </member>
        <member name="F:ZenCNC.STEAM.grbl.GCodeLine.lashRate">
            <summary>
            Backlash compensation feedrate
            </summary>
        </member>
        <member name="M:ZenCNC.STEAM.grbl.GCodeLine.CurrentXDir">
            <summary>
            Calculate X Direction from the previous position
            </summary>
            <returns></returns>
        </member>
        <member name="M:ZenCNC.STEAM.grbl.GCodeLine.GetComments">
            <summary>
            Get Movement information for display
            </summary>
            <returns></returns>
        </member>
        <member name="T:ZenCNC.STEAM.grbl.GrblClient">
            <summary>
            Main Grbl client class
            </summary>
        </member>
        <member name="M:ZenCNC.STEAM.grbl.GrblClient.#ctor">
            <summary>
            Constructor
            </summary>
        </member>
        <member name="M:ZenCNC.STEAM.grbl.GrblClient.OpenGCode(System.String)">
            <summary>
            Load a gcode file
            </summary>
            <param name="fileName">GCode file path</param>
        </member>
        <member name="M:ZenCNC.STEAM.grbl.GrblClient.StartFile(System.Boolean)">
            <summary>
            Start to run a gcode file, with option setting current location to Zero
            </summary>
            <param name="resetZero"></param>
        </member>
        <member name="M:ZenCNC.STEAM.grbl.GrblClient.StartFile">
            <summary>
            Start to run a GCode file, if the file has been loaded
            </summary>
        </member>
        <member name="M:ZenCNC.STEAM.grbl.GrblClient.GetSerialPorts">
            <summary>
            Get all arduino ports
            </summary>
            <returns></returns>
        </member>
        <member name="M:ZenCNC.STEAM.grbl.GrblClient.Close">
            <summary>
            Close Serial Port
            </summary>
        </member>
        <member name="M:ZenCNC.STEAM.grbl.GrblClient.Open(ZenCNC.STEAM.grbl.PortDesc)">
            <summary>
            Open grbl port
            </summary>
            <param name="portDesc">port description object</param>
            <returns></returns>
        </member>
        <member name="M:ZenCNC.STEAM.grbl.GrblClient.GrblPort_DataReceived(System.Object,System.IO.Ports.SerialDataReceivedEventArgs)">
            <summary>
            Event handler for grbl port response
            </summary>
            <param name="sender"></param>
            <param name="e"></param>
        </member>
        <member name="M:ZenCNC.STEAM.grbl.GrblClient.ProcessData">
            <summary>
            Process grbl response data
            </summary>
        </member>
        <member name="M:ZenCNC.STEAM.grbl.GrblClient.GetParameters">
            <summary>
            Get all grbl parameters
            </summary>
            <returns>List of grbl parameter object</returns>
        </member>
        <member name="M:ZenCNC.STEAM.grbl.GrblClient.ProcessParameter(System.String)">
            <summary>
            Process Grbl parameter string
            </summary>
            <param name="parameterStr"></param>
        </member>
        <member name="M:ZenCNC.STEAM.grbl.GrblClient.UpdateParameter(System.String,System.String)">
            <summary>
            Update a Grbl parameter
            </summary>
            <param name="id">Grbl parameter id</param>
            <param name="val">Value</param>
        </member>
        <member name="M:ZenCNC.STEAM.grbl.GrblClient.SetParameter(System.String,System.String)">
            <summary>
            Set in memory grbl parameter
            </summary>
            <param name="id"></param>
            <param name="val"></param>
        </member>
        <member name="M:ZenCNC.STEAM.grbl.GrblClient.AnythingChanged(ZenCNC.STEAM.grbl.GrblResponseEventArgs)">
            <summary>
            Check any grbl state change, position, status and etc
            </summary>
            <param name="args"></param>
            <returns></returns>
        </member>
        <member name="M:ZenCNC.STEAM.grbl.GrblClient.GetErrorDesc(System.String)">
            <summary>
            Get Error description by grbl error code
            </summary>
            <param name="code"></param>
            <returns></returns>
        </member>
        <member name="M:ZenCNC.STEAM.grbl.GrblClient.GetAlarmDesc(System.String)">
            <summary>
            Get Alarm description by grbl alarm code
            </summary>
            <param name="code"></param>
            <returns></returns>
        </member>
        <member name="M:ZenCNC.STEAM.grbl.GrblClient.ExecuteQueue">
            <summary>
            Execute command in the queue
            </summary>
        </member>
        <member name="M:ZenCNC.STEAM.grbl.GrblClient.SendNextLineNew">
            <summary>
            Get next line from GCode file and send it to grbl port
            </summary>
        </member>
        <member name="M:ZenCNC.STEAM.grbl.GrblClient.Send(System.String)">
            <summary>
            Send a string command
            </summary>
            <param name="cmd"></param>
        </member>
        <member name="M:ZenCNC.STEAM.grbl.GrblClient.Send(System.Char[])">
            <summary>
            Send a char array command to grbl port
            </summary>
            <param name="bytes"></param>
        </member>
        <member name="M:ZenCNC.STEAM.grbl.GrblClient.CMC_QUERYPARAMS">
            <summary>
            Send parameter query command
            </summary>
        </member>
        <member name="M:ZenCNC.STEAM.grbl.GrblClient.CMD_GETOFFSET">
            <summary>
            Send get offset command
            </summary>
        </member>
        <member name="M:ZenCNC.STEAM.grbl.GrblClient.CMD_RESET">
            <summary>
            Send soft reset command
            </summary>
        </member>
        <member name="M:ZenCNC.STEAM.grbl.GrblClient.CMD_QUERY">
            <summary>
            Combination Communication Function - Query
            </summary>
        </member>
        <member name="M:ZenCNC.STEAM.grbl.GrblClient.CMD_JC">
            <summary>
            Stop Jogging
            </summary>
        </member>
        <member name="M:ZenCNC.STEAM.grbl.GrblClient.CMD_JOG(System.String,System.Boolean)">
            <summary>
            Start Jogging
            </summary>
            <param name="axis"></param>
            <param name="isPositive"></param>
        </member>
        <member name="M:ZenCNC.STEAM.grbl.GrblClient.CMD_TORELETIVE">
            <summary>
            Set to relative movement
            </summary>
        </member>
        <member name="M:ZenCNC.STEAM.grbl.GrblClient.CMD_TOABSOLUTE">
            <summary>
            Set to absolute movement
            </summary>
        </member>
        <member name="M:ZenCNC.STEAM.grbl.GrblClient.CMD_SETTO(System.Single,System.Single,System.Single)">
            <summary>
            Set machine location
            </summary>
            <param name="x">X Location</param>
            <param name="y">Y Location</param>
            <param name="z">Z Location</param>
        </member>
        <member name="M:ZenCNC.STEAM.grbl.GrblClient.CMD_MOVERELATIVE(System.Single,System.Single,System.Single,System.Single)">
            <summary>
            Move to a location relatively
            </summary>
            <param name="x"></param>
            <param name="y"></param>
            <param name="z"></param>
            <param name="feedrate"></param>
        </member>
        <member name="M:ZenCNC.STEAM.grbl.GrblClient.CMD_MOVERELATIVE(System.String,System.Single,System.Single)">
            <summary>
            MOve one axis to a location relatively
            </summary>
            <param name="axis"></param>
            <param name="step"></param>
            <param name="feedrate"></param>
        </member>
        <member name="M:ZenCNC.STEAM.grbl.GrblClient.CMD_MOVETO(System.Single,System.Single,System.Single,System.Single)">
            <summary>
            Move to a location
            </summary>
            <param name="x">X Location</param>
            <param name="y">Y Location</param>
            <param name="z">Z Location</param>
            <param name="feedrate"></param>
        </member>
        <member name="M:ZenCNC.STEAM.grbl.GrblClient.CMD_MOVETO(System.String,System.Single,System.Single)">
            <summary>
            Move one axis to a location
            </summary>
            <param name="axis">Axis, X, Y or Z</param>
            <param name="to">To location</param>
            <param name="feedrate">Feed rate</param>
        </member>
        <member name="M:ZenCNC.STEAM.grbl.GrblClient.SendChar(System.Char)">
            <summary>
            Send a char command
            </summary>
            <param name="c"></param>
        </member>
        <member name="M:ZenCNC.STEAM.grbl.GrblClient.StartQueryLoop">
            <summary>
            Start a query loop, until grbl port closed
            </summary>
        </member>
        <member name="E:ZenCNC.STEAM.grbl.GrblClient.PortEvent">
            <summary>
            COM Port Event
            </summary>
        </member>
        <member name="E:ZenCNC.STEAM.grbl.GrblClient.ErrorEvent">
            <summary>
            Grbl Error Event
            </summary>
        </member>
        <member name="E:ZenCNC.STEAM.grbl.GrblClient.ResponseReceived">
            <summary>
            Grbl Response Event
            </summary>
        </member>
        <member name="E:ZenCNC.STEAM.grbl.GrblClient.GCodeStatusUpdate">
            <summary>
            GCode Execution status update event
            </summary>
        </member>
        <member name="P:ZenCNC.STEAM.grbl.GrblParameterBase.ID">
            <summary>
            Grbl parameter ID, 1, 2, 3
            </summary>
        </member>
        <member name="P:ZenCNC.STEAM.grbl.GrblParameterBase.Val">
            <summary>
            Grbl parameter value
            </summary>
        </member>
        <member name="F:ZenCNC.STEAM.grbl.GrblParameterBase._desc">
            <summary>
            Grbl parameter description, from predefined config file
            </summary>
        </member>
        <member name="M:ZenCNC.STEAM.grbl.GrblParameterBase.#ctor(System.String,System.String)">
            <summary>
            Constructor
            </summary>
            <param name="id"></param>
            <param name="str"></param>
        </member>
        <member name="M:ZenCNC.STEAM.grbl.GrblParameterBase.CreateParameter(System.String)">
            <summary>
            Create a paramter from Grbl Parameter line $1=0, for ex.
            </summary>
            <param name="paramStr"></param>
            <returns></returns>
        </member>
        <member name="P:ZenCNC.STEAM.grbl.GrblResponseEventArgs.Response">
            <summary>
            Parse Grbl response and prepare the update event argument
            </summary>
        </member>
    </members>
</doc>
